<?xml version="1.0" encoding="UTF-8"?>
<config date="1568095697270" transient="false">
	<site updateable="true" url="file:../../../.p2\pool\" enabled="true" policy="MANAGED-ONLY">
		<feature id="org.eclipse.mylyn.commons.notifications" version="1.16.0.v20180904-2231" url="features/org.eclipse.mylyn.commons.notifications_1.16.0.v20180904-2231/" plugin-identifier="org.eclipse.mylyn.commons.core">
		</feature>
		<feature id="org.eclipse.equinox.p2.user.ui" version="2.4.300.v20190220-1158" url="features/org.eclipse.equinox.p2.user.ui_2.4.300.v20190220-1158/">
		</feature>
		<feature id="org.eclipse.jst.common.fproj.enablement.jdt" version="3.11.0.v201808161734" url="features/org.eclipse.jst.common.fproj.enablement.jdt_3.11.0.v201808161734/" plugin-identifier="org.eclipse.jst.common.project.facet.core">
		</feature>
		<feature id="org.eclipse.rcp" version="4.11.0.v20190307-0500" url="features/org.eclipse.rcp_4.11.0.v20190307-0500/">
		</feature>
		<feature id="org.eclipse.jst.enterprise_core.feature" version="3.10.100.v201903042334" url="features/org.eclipse.jst.enterprise_core.feature_3.10.100.v201903042334/">
		</feature>
		<feature id="org.eclipse.jst.enterprise_userdoc.feature" version="3.6.100.v201903042334" url="features/org.eclipse.jst.enterprise_userdoc.feature_3.6.100.v201903042334/">
		</feature>
		<feature id="org.eclipse.mylyn.wikitext_feature" version="3.0.25.201806201740" url="features/org.eclipse.mylyn.wikitext_feature_3.0.25.201806201740/" plugin-identifier="org.eclipse.mylyn.wikitext">
		</feature>
		<feature id="org.eclipse.eclemma.feature" version="3.1.2.201903112331" url="features/org.eclipse.eclemma.feature_3.1.2.201903112331/" plugin-identifier="org.eclipse.eclemma.ui">
		</feature>
		<feature id="org.eclipse.e4.rcp" version="1.6.400.v20190305-0602" url="features/org.eclipse.e4.rcp_1.6.400.v20190305-0602/">
		</feature>
		<feature id="org.eclipse.equinox.p2.discovery.feature" version="1.2.200.v20190129-1112" url="features/org.eclipse.equinox.p2.discovery.feature_1.2.200.v20190129-1112/">
		</feature>
		<feature id="org.eclipse.mylyn.commons.identity" version="1.16.0.v20180904-2231" url="features/org.eclipse.mylyn.commons.identity_1.16.0.v20180904-2231/" plugin-identifier="org.eclipse.mylyn.commons.core">
		</feature>
		<feature id="org.eclipse.platform" version="4.11.0.v20190307-0500" url="features/org.eclipse.platform_4.11.0.v20190307-0500/">
		</feature>
		<feature id="org.eclipse.wst.web_userdoc.feature" version="3.13.0.v201901100226" url="features/org.eclipse.wst.web_userdoc.feature_3.13.0.v201901100226/">
		</feature>
		<feature id="org.eclipse.emf.common" version="2.15.0.v20181220-0846" url="features/org.eclipse.emf.common_2.15.0.v20181220-0846/">
		</feature>
		<feature id="org.eclipse.wst.ws_userdoc.feature" version="3.1.500.v201903050508" url="features/org.eclipse.wst.ws_userdoc.feature_3.1.500.v201903050508/">
		</feature>
		<feature id="org.eclipse.egit" version="5.3.0.201903130848-r" url="features/org.eclipse.egit_5.3.0.201903130848-r/">
		</feature>
		<feature id="org.springframework.boot.ide.main.feature" version="4.3.0.201906200840-RELEASE" url="features/org.springframework.boot.ide.main.feature_4.3.0.201906200840-RELEASE/">
		</feature>
		<feature id="org.eclipse.jst.web_userdoc.feature" version="3.6.1.v201903042334" url="features/org.eclipse.jst.web_userdoc.feature_3.6.1.v201903042334/">
		</feature>
		<feature id="org.eclipse.ecf.core.feature" version="1.5.3.v20181012-2020" url="features/org.eclipse.ecf.core.feature_1.5.3.v20181012-2020/">
		</feature>
		<feature id="org.eclipse.mylyn.commons.repositories" version="1.16.0.v20180904-2231" url="features/org.eclipse.mylyn.commons.repositories_1.16.0.v20180904-2231/" plugin-identifier="org.eclipse.mylyn.commons.core">
		</feature>
		<feature id="org.eclipse.userstorage" version="1.2.0.v20190308-0433" url="features/org.eclipse.userstorage_1.2.0.v20190308-0433/">
		</feature>
		<feature id="org.eclipse.egit.mylyn" version="5.3.0.201903130848-r" url="features/org.eclipse.egit.mylyn_5.3.0.201903130848-r/" plugin-identifier="org.eclipse.egit">
		</feature>
		<feature id="org.eclipse.jst.enterprise_ui.feature" version="3.9.300.v201903042334" url="features/org.eclipse.jst.enterprise_ui.feature_3.9.300.v201903042334/" plugin-identifier="org.eclipse.jst.jee.ui">
		</feature>
		<feature id="org.eclipse.jst.web_core.feature" version="3.13.0.v201903042334" url="features/org.eclipse.jst.web_core.feature_3.13.0.v201903042334/">
		</feature>
		<feature id="org.eclipse.buildship" version="3.0.1.v20181217-1554" url="features/org.eclipse.buildship_3.0.1.v20181217-1554/" plugin-identifier="org.eclipse.buildship.branding">
		</feature>
		<feature id="org.springframework.tooling.cloudfoundry.manifest.ls.feature" version="4.3.0.201906200642" url="features/org.springframework.tooling.cloudfoundry.manifest.ls.feature_4.3.0.201906200642/">
		</feature>
		<feature id="org.eclipse.epp.package.common.feature" version="4.11.0.20190314-1200" url="features/org.eclipse.epp.package.common.feature_4.11.0.20190314-1200/">
		</feature>
		<feature id="org.eclipse.ecf.core.ssl.feature" version="1.1.100.v20180301-0201" url="features/org.eclipse.ecf.core.ssl.feature_1.1.100.v20180301-0201/">
		</feature>
		<feature id="org.eclipse.wst.server_ui.feature" version="3.3.700.v201902142141" url="features/org.eclipse.wst.server_ui.feature_3.3.700.v201902142141/">
		</feature>
		<feature id="org.eclipse.wst.server_userdoc.feature" version="3.3.300.v201901310132" url="features/org.eclipse.wst.server_userdoc.feature_3.3.300.v201901310132/">
		</feature>
		<feature id="org.eclipse.m2e.logback.feature" version="1.11.0.20190220-2119" url="features/org.eclipse.m2e.logback.feature_1.11.0.20190220-2119/" plugin-identifier="org.eclipse.m2e.logback.configuration">
		</feature>
		<feature id="org.eclipse.ecf.filetransfer.httpclient4.ssl.feature" version="1.1.100.v20180301-0132" url="features/org.eclipse.ecf.filetransfer.httpclient4.ssl.feature_1.1.100.v20180301-0132/">
		</feature>
		<feature id="org.eclipse.mylyn.commons.repositories.http" version="1.16.0.v20180904-2231" url="features/org.eclipse.mylyn.commons.repositories.http_1.16.0.v20180904-2231/" plugin-identifier="org.eclipse.mylyn.commons.core">
		</feature>
		<feature id="org.springframework.ide.eclipse.xml.namespaces.feature" version="3.9.9.201906180643-RELEASE" url="features/org.springframework.ide.eclipse.xml.namespaces.feature_3.9.9.201906180643-RELEASE/" plugin-identifier="org.springframework.ide.eclipse">
		</feature>
		<feature id="org.eclipse.tips.feature" version="0.2.400.v20190218-1605" url="features/org.eclipse.tips.feature_0.2.400.v20190218-1605/">
		</feature>
		<feature id="org.eclipse.ecf.filetransfer.httpclient4.feature" version="3.14.4.v20181013-2146" url="features/org.eclipse.ecf.filetransfer.httpclient4.feature_3.14.4.v20181013-2146/">
		</feature>
		<feature id="org.eclipse.equinox.p2.extras.feature" version="1.4.300.v20190218-2100" url="features/org.eclipse.equinox.p2.extras.feature_1.4.300.v20190218-2100/">
		</feature>
		<feature id="org.eclipse.jdt" version="3.17.0.v20190307-0500" url="features/org.eclipse.jdt_3.17.0.v20190307-0500/">
		</feature>
		<feature id="org.eclipse.equinox.p2.rcp.feature" version="1.4.300.v20190220-1158" url="features/org.eclipse.equinox.p2.rcp.feature_1.4.300.v20190220-1158/">
		</feature>
		<feature id="org.eclipse.wst.jsdt.feature" version="2.1.1.v201902140014" url="features/org.eclipse.wst.jsdt.feature_2.1.1.v201902140014/" plugin-identifier="org.eclipse.wst.jsdt.ui">
		</feature>
		<feature id="org.springframework.tooling.bosh.ls.feature" version="4.3.0.201906200642" url="features/org.springframework.tooling.bosh.ls.feature_4.3.0.201906200642/">
		</feature>
		<feature id="org.eclipse.mylyn.ide_feature" version="3.24.2.v20180905-0014" url="features/org.eclipse.mylyn.ide_feature_3.24.2.v20180905-0014/" plugin-identifier="org.eclipse.mylyn.context.core">
		</feature>
		<feature id="org.eclipse.epp.mpc" version="1.7.5.v20190313-2005" url="features/org.eclipse.epp.mpc_1.7.5.v20190313-2005/" plugin-identifier="org.eclipse.epp.mpc.ui">
		</feature>
		<feature id="org.eclipse.oomph.setup.core" version="1.13.0.v20190531-1228" url="features/org.eclipse.oomph.setup.core_1.13.0.v20190531-1228/">
		</feature>
		<feature id="com.github.fabeclipse.textedgrep_feature" version="3.0.0.201609231929" url="features/com.github.fabeclipse.textedgrep_feature_3.0.0.201609231929/">
		</feature>
		<feature id="org.eclipse.jgit.ssh.apache" version="5.3.0.201903130848-r" url="features/org.eclipse.jgit.ssh.apache_5.3.0.201903130848-r/">
		</feature>
		<feature id="org.eclipse.mylyn.hudson" version="1.16.0.v20180403-2055" url="features/org.eclipse.mylyn.hudson_1.16.0.v20180403-2055/" plugin-identifier="org.eclipse.mylyn.builds.core">
		</feature>
		<feature id="org.eclipse.oomph.p2" version="1.12.0.v20190527-1611" url="features/org.eclipse.oomph.p2_1.12.0.v20190527-1611/">
		</feature>
		<feature id="org.eclipse.mylyn.team_feature" version="3.24.2.v20180905-0014" url="features/org.eclipse.mylyn.team_feature_3.24.2.v20180905-0014/" plugin-identifier="org.eclipse.mylyn.context.core">
		</feature>
		<feature id="org.eclipse.mylyn.tasks.ide" version="3.24.2.v20180905-0003" url="features/org.eclipse.mylyn.tasks.ide_3.24.2.v20180905-0003/" plugin-identifier="org.eclipse.mylyn.tasks.core">
		</feature>
		<feature id="org.eclipse.wst.common_ui.feature" version="3.10.0.v201811170421" url="features/org.eclipse.wst.common_ui.feature_3.10.0.v201811170421/">
		</feature>
		<feature id="org.springsource.ide.eclipse.commons.quicksearch.feature" version="3.9.9.201906180559-RELEASE" url="features/org.springsource.ide.eclipse.commons.quicksearch.feature_3.9.9.201906180559-RELEASE/">
		</feature>
		<feature id="org.eclipse.wst.common.fproj" version="3.7.2.v201808020026" url="features/org.eclipse.wst.common.fproj_3.7.2.v201808020026/" plugin-identifier="org.eclipse.wst.common.project.facet.core">
		</feature>
		<feature id="org.eclipse.wst.json_core.feature" version="1.1.4.v201901152013" url="features/org.eclipse.wst.json_core.feature_1.1.4.v201901152013/">
		</feature>
		<feature id="org.eclipse.wst.ws_core.feature" version="3.7.300.v201903050508" url="features/org.eclipse.wst.ws_core.feature_3.7.300.v201903050508/">
		</feature>
		<feature id="org.eclipse.epp.logging.aeri.feature" version="2.0.7.v20180504-0806" url="features/org.eclipse.epp.logging.aeri.feature_2.0.7.v20180504-0806/">
		</feature>
		<feature id="org.eclipse.wst.xml_userdoc.feature" version="3.11.0.v201901100226" url="features/org.eclipse.wst.xml_userdoc.feature_3.11.0.v201901100226/">
		</feature>
		<feature id="org.eclipse.wst.web_ui.feature" version="3.13.0.v201903050402" url="features/org.eclipse.wst.web_ui.feature_3.13.0.v201903050402/" plugin-identifier="org.eclipse.wst.web.ui">
		</feature>
		<feature id="org.eclipse.wst.server_core.feature" version="3.3.700.v201901310132" url="features/org.eclipse.wst.server_core.feature_3.3.700.v201901310132/">
		</feature>
		<feature id="org.eclipse.epp.package.java.feature" version="4.11.0.20190314-1200" url="features/org.eclipse.epp.package.java.feature_4.11.0.20190314-1200/" plugin-identifier="org.eclipse.epp.package.java">
		</feature>
		<feature id="org.eclipse.mylyn.discovery" version="3.24.2.v20180904-2231" url="features/org.eclipse.mylyn.discovery_3.24.2.v20180904-2231/" plugin-identifier="org.eclipse.mylyn.commons.core">
		</feature>
		<feature id="org.eclipse.wst.xml_ui.feature" version="3.13.0.v201903050402" url="features/org.eclipse.wst.xml_ui.feature_3.13.0.v201903050402/" plugin-identifier="org.eclipse.wst.xml.ui">
		</feature>
		<feature id="org.eclipse.wst.jsdt.chromium.debug.feature" version="0.6.100.v201902140014" url="features/org.eclipse.wst.jsdt.chromium.debug.feature_0.6.100.v201902140014/" plugin-identifier="org.eclipse.wst.jsdt.chromium.debug">
		</feature>
		<feature id="org.eclipse.mylyn.commons" version="3.24.2.v20180904-2231" url="features/org.eclipse.mylyn.commons_3.24.2.v20180904-2231/" plugin-identifier="org.eclipse.mylyn.commons.core">
		</feature>
		<feature id="org.springframework.ide.eclipse.boot.dash.feature" version="3.9.9.201906180643-RELEASE" url="features/org.springframework.ide.eclipse.boot.dash.feature_3.9.9.201906180643-RELEASE/" plugin-identifier="org.springframework.ide.eclipse">
		</feature>
		<feature id="org.eclipse.wst.ws_ui.feature" version="3.8.100.v201903042334" url="features/org.eclipse.wst.ws_ui.feature_3.8.100.v201903042334/">
		</feature>
		<feature id="org.eclipse.ecf.filetransfer.ssl.feature" version="1.1.100.v20180301-0132" url="features/org.eclipse.ecf.filetransfer.ssl.feature_1.1.100.v20180301-0132/">
		</feature>
		<feature id="org.eclipse.wst.xml_core.feature" version="3.13.0.v201901310548" url="features/org.eclipse.wst.xml_core.feature_3.13.0.v201901310548/">
		</feature>
		<feature id="org.eclipse.mylyn.builds" version="1.16.0.v20180905-1907" url="features/org.eclipse.mylyn.builds_1.16.0.v20180905-1907/" plugin-identifier="org.eclipse.mylyn.builds.core">
		</feature>
		<feature id="org.eclipse.jst.web_ui.feature" version="3.12.0.v201903042334" url="features/org.eclipse.jst.web_ui.feature_3.12.0.v201903042334/">
		</feature>
		<feature id="org.eclipse.equinox.p2.core.feature" version="1.6.100.v20190218-2100" url="features/org.eclipse.equinox.p2.core.feature_1.6.100.v20190218-2100/">
		</feature>
		<feature id="org.eclipse.m2e.feature" version="1.11.0.20190220-2119" url="features/org.eclipse.m2e.feature_1.11.0.20190220-2119/" plugin-identifier="org.eclipse.m2e.core">
		</feature>
		<feature id="org.eclipse.mylyn.bugzilla_feature" version="3.24.2.v20180905-0003" url="features/org.eclipse.mylyn.bugzilla_feature_3.24.2.v20180905-0003/" plugin-identifier="org.eclipse.mylyn.tasks.core">
		</feature>
		<feature id="org.eclipse.help" version="2.2.500.v20190307-0500" url="features/org.eclipse.help_2.2.500.v20190307-0500/" plugin-identifier="org.eclipse.help.base">
		</feature>
		<feature id="org.eclipse.emf.ecore" version="2.17.0.v20190116-0940" url="features/org.eclipse.emf.ecore_2.17.0.v20190116-0940/">
		</feature>
		<feature id="org.eclipse.m2e.wtp.feature" version="1.4.1.20181128-2152" url="features/org.eclipse.m2e.wtp.feature_1.4.1.20181128-2152/" plugin-identifier="org.eclipse.m2e.wtp">
		</feature>
		<feature id="org.eclipse.oomph.setup" version="1.13.0.v20190531-1228" url="features/org.eclipse.oomph.setup_1.13.0.v20190531-1228/">
		</feature>
		<feature id="org.eclipse.wst.web_core.feature" version="3.13.0.v201902281912" url="features/org.eclipse.wst.web_core.feature_3.13.0.v201902281912/">
		</feature>
		<feature id="org.eclipse.jgit" version="5.3.0.201903130848-r" url="features/org.eclipse.jgit_5.3.0.201903130848-r/">
		</feature>
		<feature id="org.eclipse.mylyn.git" version="1.16.0.v20170629-1738" url="features/org.eclipse.mylyn.git_1.16.0.v20170629-1738/" plugin-identifier="org.eclipse.mylyn.versions.core">
		</feature>
		<feature id="org.eclipse.wst.jsdt.nodejs.feature" version="1.1.0.v201902140014" url="features/org.eclipse.wst.jsdt.nodejs.feature_1.1.0.v201902140014/" plugin-identifier="org.eclipse.wst.jsdt.nodejs">
		</feature>
		<feature id="org.springframework.tooling.boot.ls.feature" version="4.3.0.201906200642" url="features/org.springframework.tooling.boot.ls.feature_4.3.0.201906200642/">
		</feature>
		<feature id="org.eclipse.wst.json_ui.feature" version="1.1.4.v201901152013" url="features/org.eclipse.wst.json_ui.feature_1.1.4.v201901152013/" plugin-identifier="org.eclipse.wst.json.ui">
		</feature>
		<feature id="org.sonatype.m2e.mavenarchiver.feature" version="0.17.2.201606141937-signed-20160830073346" url="features/org.sonatype.m2e.mavenarchiver.feature_0.17.2.201606141937-signed-20160830073346/" plugin-identifier="org.sonatype.m2e.mavenarchiver">
		</feature>
		<feature id="org.eclipse.mylyn.monitor" version="3.24.2.v20180904-2231" url="features/org.eclipse.mylyn.monitor_3.24.2.v20180904-2231/" plugin-identifier="org.eclipse.mylyn.commons.core">
		</feature>
		<feature id="org.eclipse.mylyn.wikitext.editors_feature" version="3.0.25.201806201740" url="features/org.eclipse.mylyn.wikitext.editors_feature_3.0.25.201806201740/" plugin-identifier="org.eclipse.mylyn.wikitext">
		</feature>
		<feature id="org.eclipse.mylyn_feature" version="3.24.2.v20180905-0003" url="features/org.eclipse.mylyn_feature_3.24.2.v20180905-0003/" plugin-identifier="org.eclipse.mylyn.tasks.core">
		</feature>
		<feature id="org.springframework.tooling.concourse.ls.feature" version="4.3.0.201906200642" url="features/org.springframework.tooling.concourse.ls.feature_4.3.0.201906200642/">
		</feature>
		<feature id="org.eclipse.wst.common_core.feature" version="3.10.0.v201811122225" url="features/org.eclipse.wst.common_core.feature_3.10.0.v201811122225/">
		</feature>
		<feature id="org.eclipse.mylyn.context_feature" version="3.24.2.v20180905-0014" url="features/org.eclipse.mylyn.context_feature_3.24.2.v20180905-0014/" plugin-identifier="org.eclipse.mylyn.context.core">
		</feature>
		<feature id="org.eclipse.mylyn.java_feature" version="3.24.2.v20180905-0014" url="features/org.eclipse.mylyn.java_feature_3.24.2.v20180905-0014/" plugin-identifier="org.eclipse.mylyn.context.core">
		</feature>
		<feature id="org.eclipse.ecf.filetransfer.feature" version="3.14.4.v20181013-2146" url="features/org.eclipse.ecf.filetransfer.feature_3.14.4.v20181013-2146/">
		</feature>
		<feature id="org.eclipse.mylyn.versions" version="1.16.0.v20170629-1738" url="features/org.eclipse.mylyn.versions_1.16.0.v20170629-1738/" plugin-identifier="org.eclipse.mylyn.versions.core">
		</feature>
	</site>
</config>
